name,review
Rubina Mapkar,"Recommend for all a-z sports, hiking and weather basic shopping.
The best usp is staff
1. Excellent knowledgeable about products,
2. approachable,
3. Good listener n patiently listen to queries
4. Give genuine suggestion
5. help in making decision for buying
6. No force of selling.
7. Friendly with kids.
Instead online, visit to store is worth and useful one will not regret to spend time and energy.

Only two stars I gave less is for Space like gym section football section,
Staff for checkout on billing counter is just two females how can they manage weekend and sunday rush it becomes inconvinient for we customers to stand and wait with kids.
Also unavailablity of many products like kids football shoes,etc
Please workout on these three areas."
Prasad Hire,Today I came to service my cycle in decathlon Viviana and Aniket mane from cycling section was really pleasant. Loved the overall environment in the store and the teammates.
Rajvi Dedhia,I picked up a tent after a amazing demo from diksha who helped and showed me how to assemble the tent as per my requirement. She also had great suggestions for my requirements and was easy to approach.
Shivani Kashyap,"I had a great experience at Decathlon.
Prachi was extremely helpful and guided me patiently in choosing the right products. She was knowledgeable, polite, and made my shopping experience smooth and pleasant. Truly appreciate her support!"
Chinmayi Karnik,"Our buying experience with Aniket was excellent.
He was very proactive and explained all the cycle features and specifications to us in detail. Helped with the right size selection and our purpose.
He ensured the exact model was made available to us from the store as per our needs."
Rohan Pitre,"Giving a 5-star review just for the staff. I was looking for a particular track-oant with longer length, and the staff was really helpful in finding the different options for me. Even at checkout, I had online wallet credits to redeem and I was duly assisted in the billing. Great job on the staffing!"
snehal mane,"I wanted to buy balancing bike for my son who is 2 years now. I was bit confused between balancing n peddle cycle for kid. Mr. Aniket Mane explained n helped us to buy the better one. He was not trying to sell some high priced cycle, in fact he helped us to buy the perfect one according to kid age."
Rajib Sarkar,"Decathlon Sports at Viviana Mall is a haven for sports enthusiasts and casual shoppers alike. The store's vast layout is well-organized, offering a wide range of sports equipment, apparel, and accessories for almost every sport imaginable. From running and cycling to yoga and hiking, Decathlon ensures that every customer finds what they need.

What truly stands out is the knowledgeable and friendly staff. They are always ready to assist, whether you're a seasoned athlete looking for specific gear or a beginner needing guidance. Their expertise and willingness to help make the shopping experience smooth and enjoyable.

The quality of the products is top-notch. Decathlon's in-house brands offer great value for money, combining durability with affordability. The store also regularly updates its inventory, ensuring that the latest products are available. It's refreshing to see a store that prioritizes both quality and variety.

Another highlight is the hands-on experience provided. The store often has areas where you can test out equipment, like bikes and treadmills, ensuring you are making informed purchases. This interactive aspect is particularly beneficial for those unsure about their choices.

The location within Viviana Mall adds to the convenience. Ample parking, a wide range of other stores, and dining options make it easy to spend an entire day here. Plus, the mall's central location is easily accessible from different parts of the city.

Overall, Decathlon Sports at Viviana Mall is a must-visit for anyone looking for sports gear. The combination of a vast product range, excellent customer service, and the convenience of being in a popular mall makes it a standout destination. Highly recommended!"
Nandkishor Thorat,"This decathlon is smaller than their average shops.

Staff is fully of teenagers who are into sports.

Small shops but have covered most of their equipment.

Request  decathlon stores to provide proper or atleast good quality cricket equipment.
The one which are available are costly and not worthy."
Urvi,Great experience! Got every sport stuff you need in here!! The staff interactions were very polite and awesome!! Wholesomely Mr. Aniket Mane help me out through the process and stuff! Got no issues with my purchase from the decathlon!!!
Rajrishi Dubey,"I recently visited the Decathlon store in Viviana Mall. While the space felt a bit congested, the products were well-organized and easy to find. The staff were exceptionally energetic and eager to assist with any questions or needs, which made the shopping experience pleasant overall. The store offers a wide range of sports and outdoor gear, making it a great place to find whatever you need. However, I would recommend avoiding visits on Sundays, as it tends to get very crowded. Overall, it was a nice experience shopping at this Decathlon outlet, and I would consider returning on a less busy day."
Neel Passey,"Great product selection. Very humble, well spoken and helpful staff. Excellent and competitive pricing. A great experience. One stop shop for sports & adventure clothing enthusiasts."
Deepika Gaddamwar,"Aniket Mane from the store was able to provide clear guidelines for the cycle for our daughter.

He assisted us on online booking helped with assemble details as well.

Approachable and found him customer friendly"
Shravani Kajrolkar,"I recently visited Decathlon in Viviana Mall, Thane, and had a great experience. Diksha guided me so well throughout my shopping. She was patient, helpful, and knowledgeable about the products. Really appreciate the excellent customer service. Highly recommended!"
Suprita Pradeep Naware,Very good service by samruddhi. Very helpful and polite and kind. Should always ask for her in decathalon viviana mall
chetan kannangar,"Visited Decathlon on the occasion of Dussehra 2024 for buying a cycle home trainer. Aniket Mane was amazing, he explain the product completely and give a demo of the same. He was handling multiple customers with great ease. Kudos to his customer delight skills."
Atul Pandey,"I had a great experience shopping at Decathlon Viviana! I was in a bit of a rush due to a flight later that evening, but Samruddhi made the entire process smooth and hassle-free. I was picking up football socks, shoes, and attire, and she was incredibly helpful, quick, and courteous throughout. Really appreciate her support and calm demeanor, it made a big difference during a stressful time. Thank you, Samruddhi!"
Monish Koyott,1 stop for all your sports requirement. Aniket Mane was of great help. Assisted me in getting one of the best mountain bikes from here. Would 100% recommend.
Santosh Shevade,"So much better than the GB road one. The shop is much better managed, cleaner and provides a welcome experience.
The range of cycles here was lesser but the staff was excellent....Mohammad Khan was super helpful.... bought Triban RC100FB"
Vijay Rao,Aniket Mane was very helpful and he patiently assisted us in selecting the right skates. Kudos to him
Deepak Thakker,"Good collection of all sports items and good varieties of thermal and other clothes,  etc.
Prices are also good"
Dinesh Tiwari,"Top notch experience from cycling Aniket.he detail me ,full specs about the entry level mountain bike.i think he is cyclist too.i purchased RR 540.he came to home to fix the cycles ,gear tune,brake rotor tune, handle bar adjustment,and hand brake lever setup .which provides me great ridding style ..thankyou Aniket.Big Fan of your cycling knowledge."
Sunil More,"I am Sunil ,I came to vivianadecathlon long back ago where Aniket decathlon assisted me for cycle ..I'm was very impressed by his his technicality in cycle and suggested me st120.werr I find the  best as per my use ...
I came again to buy pants ,I met him  again ,I requested him to suggest me a pant ,he asked me 3 question wer he came to know wat type of product is suitable for me.
For the 3rd time of visit in decathlon ,I need skates for my kid but the skates wer not available in store ..wer as  he told me ,,billed the product n will be delivered Tommorow..
Next day only I got the product ,wen I asked him for delivery charges he declined.
Such a humble guy ,even he gave his personal to me for any enquiry or any problems or issus in products..
I would like meet him again
Thank you so much Aniket decathlon
God bless"
amit khemnar,Pathetic. There was problem of upi due to some internet issue. So had ask them to wait for 5 to 10min. But they keep me standing after that and no response was given. Tshirt no 12 was non responsive
Rohit Singh,"Thankyou Aniket from decathlon.help us to buy cycle .we are confused between triban and rockrider,wer Aniket gave us both the models to try in store and also gave a full specification of cycle.after trying both the models .we are cleared that thrE triban 100 is suitable for us as Aniket told us..
Light weight cycle
Low maintenance
Alluminium frame
Thankyou Aniket decathlon"
Najid Sarkhot,"Skating department is awsum in service.
Aniket and hussein are always supportive with lots of knowledge and provide good understanding of each and every queries and product."
RustlingIdk,"The servicing of the cycle was done properly.. The staff, especially Aniket, the cycling department head, was very helpful and kind"
Rohan Advant,Bought a cycle for my 4 year old son. Very good experience. Excellent service by Aniket Mane. Very knowledgeable and helped us choose the right cycle.
Ambadas Bhore,"We were looking for a tent that could be set up quickly anywhere. Our use case was to enjoy rain by sitting in the tent on any site that we found suitable during our monsoon sojourn.
I shared my use case with Mangalesh Manjrekar at Decathlon. He explained all the available options and helped us select the right product. He also went above and beyond by training us on how to set up and pack the tent after use. His exceptional service made the entire process smooth and enjoyable.
Thank you, Mangalesh, for a great experience."
Jayesh Gawade,Brought cycle from aniket mane last December .Not only he guided me with product but after purchase also help me with his technical services.
